sku_name,sales_2022
IDROID_BALRX7-Gold,2000
RS_Coconut Bites,300
Darul_Sakoon_Food_Bundle,200
RB_HouseholdBundle,154
Jayqeu_BL-01-Red-S,150
Jayqeu_BL-01-Red-M,150
SN_Muzadati-500gm,139
RS_Plain Rusk Pack of 3,108
RS_Nan Khatai,90
BK1200200MS,72
infinix_Zero 4-Grey,61
alrafa_Ajwa-Dates-400g,55
RB_Dettol Germ Busting Kit-bf,50
Bahr-e-Shifa,46
nabila_Ngage FOR Honey,44
RB_Harpic Loot Sale-bf,44
Infinix Hot 4-Gold,40
Al Muhafiz Sohan Halwa Almond,40
emart_Tyre Shape Air Compressor,39
psl_ps_Signed By Afridi-M,37
nabila_Nchant FOR Olive,36
SMSM_270303,36
RS_Sohan Halwa Tin,34
RB_Veet-bf,34
un_Green Tea Bundle_GT,32
smsm_220124,32
RS_Nimcolia-5pack,32
RAF_800mlx12,32
IDROID_BALRX7-Jet black ,31
Paramount_9789696372639,30
KureshiC_BLW-008-PO2,30
GMZV_PS4 Pro 1TB - Region 2,30
KureshiC_149-axe,28
RS_Gulab jaman Tin,26
nabila_NGELIC FOR IVORY,25
Samsung_40K5000,25
BO_topfastRc-yellow,24
SN_ajwa400gm,23
RB_Mortein Killer Sale-bf,22
PNG_Pampers_10003452-Hazir,22
RB_HPx5,21
MartWart_ND-001,21
iphone_7-128GB-wof-Jet Black,20
SKMT_Medicine,20
RS_Soan Papri-500gm,20
SCIFI_SC22002PBL-Pucca,19
nabila_Nvite-fair-skin,18
iphone_7-128GB-wof-Matt Black,18
cr_MABROOM DATES (375 GM,18
RS_Baklawa 500gm,18
nabila_NTICE FOR Almond,17
AYS_Gree-18cith2,17
samsung_galaxy-s7-edge-pearl-black,16
baklawa_Baklava Mix Sweets 1Kg,15
TCF_Educate-a-Child-for-a-Month,15
iphone-7-32gb-wof-Matt Black,14
barico_BS0074,14
Tmall_SpyPen_8GB,14
Infinix Note 3-2GB-Nationwide-Grey,14
ISn 100% Whey Protein Vanilla,14
shoppers stop_MagicGlass-3,13
Royal_Energy saver Fan 56 New Model,13
RS_Kaju Barfi,13
emart_0-28,12
alrafa_mabroom-Dates-400g,12
SWP_500gm,12
NDF_Almond American 500gm,12
samsung_Grand Prime Plus-Black,11
jj_JLAWN-S-17-068 Cool Flower,11
ISn 100% Whey Protein Chocolate,11
GFC_Bracket Myga Metal (Special Guard,11
smsm_13854,10
samsung_Grand Prime Plus-Silver,10
jn_900g,10
iPhone7Plus-Red-256GB,10
Topline_Waheed Murad His Life and Our Times,10
SN_deal_qalmi400gm,10
Rajesh_RAJ001,10
Nimcos_Salty-Potato-Sticks-180gm,10
Motifz_MWU01697-999-BUFF,10
cr_MUZAFTI IRANI (500GM,9
cc_samsung_G935F-Blue,9
Samsung_Samsung 40 Inch J5000 Full HD LED TV,9
PlanetX_PX-9021,9
ME_Double-Akhroat-Multani-Sohan-Halwa-1kg,9
Bundle 3 smsm_bundle03,9
smsm_370111,8
kcc_glamour deal,8
kansai_Undercoating Aerosol,8
Uni-Lipton-deal,8
Trendz_TR-0037,8
SanaSafinaz_SS-2A,8
Rubian_20-S,8
Rajesh_RAJ60,8
Panasonic_40D310,8
PNG_Pampers_10003446-Hazir,8
Nvite for Fair Skin No Makeup Face Perfecting Palette,8
Nabila_ZEROMAKEUP-PEARL,8
LS_8961100500154,8
KKZP_TSRKK70206-XS,8
Jaza_Basmati 1kg,8
Haier_HSU-18-HNF,8
Entertainer Asia_Vouch 365-2017 BookLahore,8
AYS_32-32u561,8
streets_SS-63-L,7
sanasafinaz_SS-1A,7
samsung_K6000 49  ,7
greenroot_Clear Vision,7
emart_White-&-Blue-Insect-Killer,7
emart_00-7,7
emart_0-37,7
cr_AJWA DATES (400 GM,7
barico_BS021-,7
Zia_133,7
Samsung_Samsung NX300 Mirrorless - Brown,7
Samsung-Galaxy-S8-G950-Grey,7
RS_Soan Papri-250gm,7
PlanetX_PX-9161,7
Omron_HEM-7120-E,7
Nimcos_Spicy-Potato-Sticks-180gm,7
ME_3-in-1-Special-Multani-Sohan-Halwa-1kg,7
MACBOOK PRO 15-INCH 2.2GHZ QuadCore i7,7
ISN_Concentrated-Chocolate-2lbs,7
HP_Officejet 2130 (3-in-1,7
AYS_CX-39U564G,7
AYS_A-C-KDC-1804S2,7
test-product-00,6
smsm_8964000002254,6
seagate_STEA1500400-1.5TB,6
seagate_STDR2000300-2TB,6
sanasafinaz_SS-3B,6
qmobile_Noir J7-Gold,6
mdeal_DMC-265-10,6
cr_PISTA SALTED-500 GM,6
alrafa_kalmi-Dates-400g,6
alrafa_Safri-Dates-400g,6
ahp_EOS-1300D-DSLR-Black,6
Tmaster_C D Rom,6
Samsung_S7 Edge-Gold,6
Samsung-Galaxy-S8-G955-Plus-Black,6
SMSM_6297000027975,6
RAF_800ml,6
PlanetX_PX-9291,6
PNG_Pampers_10004046-Hazir,6
LS_8961008200927,6
Infinix Note 3-3 GB-Gold,6
HP_MFP M435nw (A3 Blk 3 in 1,6
Geepas_GK6862,6
FESFEducate-a-Child-for-a-Month,6
CL74_dawlance_VF-1035WB,6
BO_ty901-red,6
Apple iPhone 6S Plus 16GB Silver,6
Al-Muhafiz-Sohan-Halwa-Almond-Pack-of-2,6
Al Muhafiz Sohan Halwa Cashew,6
uni_FoodPanda,5
test-product,5
swi_MXP10,5
sanasafinaz_SS-5A,5
s_tv_KLV-40R352C,5
proactiv_acne_1,5
prime_T11-GR Black-XL,5
nabila_Nlight FOR creamy,5
emart_0-23,5
edukaan_7003-A4 - 300 Pages,5
dawlance_DWT-150C,5
dawlance_9188 Mono,5
cr_CASHEW NUT ROASTED-500 GM,5
cr_CASHEW NUT PLAIN-500 GM,5
closecomfort_PC8,5
cc_Samsung_Galaxy_S8_Plus_Gray,5
cc_Samsung_Galaxy_S8_Plus_Black,5
baklawa_Baklava Mix Chocolate Sweets 1Kg,5
aw_AIR MAX MOISTURE ABSORBER & REFILLER-450gm,5
akl-GFSU1265-M,5
a4tech_Mouse-Optical-USB-OP-720,5
UNEL_Haier 42 Inch B9000,5
Shark_CP-12,5
SanaSafinaz_SS-6A,5
Samsung_Samsung Air Conditioner Digital Inverter Series,5
Samsung_RT39K5110SP,5
Samsung_49K6000,5
SUPER ASIA_SA WCS 65-ELECTRIC WATER COOLER STEEL BODY (65 GALL,5
Ricoh_Black Laser SP-4510DN,5
RB_Personal Care-bf,5
Paramount_9789694948249,5
PNG_Pampers_10003451-Hazir,5
PNG_Pampers_10003449-Hazir,5
NDF_Pista Salty 500gm,5
MORG_GCS 25,5
MACBOOK PRO 13-INCH 2.7GHZ,5
LS_815096000274,5
Jaza_basmati5_free1kg,5
Jaza_Elite 1kg,5
IKEA_30242291,5
Haier_HSU-18LKE,5
Haier_HSU-12-HNF,5
HP_Laser MFP M426fdn (4 in 1,5
GFE_TRAVEL-DINING-TRAY,5
GA_PM-202-137349,5
GA_PM-152-136192,5
EtrierW_MT21-L,5
Eco Star_32U557_561,5
Changhong Ruba 40 Inches D4000i Smart LED,5
BO_Kiss Beauty Contour Stick - Brown,5
Audionic_Rb 105,5
AYS_Orient-DC-Inverter-Plus-18,5
AYS_32-32G6530,5
yamaha_EF2600FW (SELF,4
vitamin_moments-gold-delay-condom,4
vitamin_Melatonin Sleep Formula,4
st_PX008,4
sehgalmotors_67036,4
sapphire_US0541,4
samsungGALAXY J510F-2016 DS LTE-Gold,4
nvc_HDMI UC 40 - Home Cinema Projector - White,4
nutrifactor_NF0025,4
nutrifactor_NF002,4
lenovo_80J2002XUE,4
iPhone7-Red-256GB,4
iPhone7- Jet Black-128GB,4
hop_ANKM030,4
hop_ANKM005,4
fitn_RU00495,4
emart_Dessini-Kitchen-Double-Grill-Pressure-Pan,4
emart_92,4
emart_0-32,4
cc_Samsung_Galaxy_S8_Plus_Gold,4
ajwa_Ajwa Dates Powder,4
Zia_147,4
VPN_VPN 202H,4
Tmall_SpyPen_4GB,4
Telemall_MM-PC-0003,4
Sigma_1689,4
Samsung_Galaxy_S8_Plus_Black,4
Samsung_A3-2017-Gold,4
SNU_Tena-Durrani-TD16W-Kelly,4
Relaxsit_RS-21,4
Rajesh_RAJ54,4
RS_Double Delight,4
Q&Q_Q602J402Y,4
PlanetX_PX-9088,4
PNG_Pampers_10004048-Hazir,4
PNG_Pampers_10004047-Hazir,4
Orient_32L4143,4
Infinix Hot 4-Black-1,4
Haier_HSU-12LKE,4
HP_Printer-2135,4
HP_Laser Color 277n (4-in-1,4
HP_HP-Laserjet-Pro-M12a,4
HOS-m_bvlmibm100,4
HAS_1026,4
Genius_GB-1500X-Black,4
GMZV_PlayStation 4 - 500GB - Region 2 - UK PAL - Black,4
GA_PM-200-137350,4
GA_PM-137-136187,4
Entertainer Asia_Vouch 365 - 2017 Book Karachi,4
Dell_Inspiron-15-5567-ci7-4GB,4
Chk_ Green Chilli Pickle 300g,4
Blooming_Round Neck Tees-4-5 Years,4
BO_All-In-One Manicure Set,4
BBS_M008,4
ALK_FC-07-17-A131140048,4
ALK_FC-04-17-A131140045,4
vitamin_Ultra Slim  Plus Economy,3
vitamin_MOMMoments Gold Delay,3
timex_T46681,3
streets_SS-56-M,3
stinnos_776,3
stinnos_701,3
sindbad_Sindbad Gift Card-1,3
sheraton_FMOTORS_01,3
seagate_SG E-1TB,3
samsung_J5 Prime-Gold,3
samsung_G935F-Blue,3
samsung_51 H4500_clear,3
redspot_9789810477189,3
plk_PD/ 988 873_60,3
mdeal_DMC-265-11,3
majestic_18 Pc Cookware Set - Burgandy,3
majestic_15 Pc Cookware Set - Burgandy,3
majestic_15 Pc Cookware Set - Antique Grey,3
liberty_9781843322924,3
liberty_9780545377614,3
lenovo_80HR00AKUE,3
lenovo_20ET000M00,3
kke_SCF69327,3
itech_Apple Macbook Air 13.3  MMG F2,3
infinix_S2-Black,3
iPhone7Plus-Matte Black-128GB,3
iPhone7Plus-Jet Black-256GB,3
iPhone7-Red-128GB,3
herbion_Verona X Capsules 10 s,3
gulhane_GTS-001,3
fitn_820103309653,3
fitn_2730442,3
emart_0-64,3
cr_PISTA PLAIN-500 GM,3
cr_PAN MASALA ( SWEET,3
cr_CASHEW NUT ROASTED-200 GM,3
cr_ALMOND PLAIN-200 GM,3
cc_samsung_a320-Gold,3
cc_samsung_A520-Gold,3
cc_Samsung_Galaxy_S8_black,3
aw_CONSTRUCTION FOAM-500ml,3
audionic_6954217532172,3
a4tech_Gaming-Bloody-Mouse-R-80,3
Zia_EN11,3
Zia_111,3
Z&A_ZEES-0030,3
Voucher 9000,3
Voucher 6000,3
Value Shop_Yellow-Fidget-Spinner,3
Uni-Sunsilk-deal,3
Transcend_TS1TSJ25M3,3
Tmall_MM_Bowls_Set_Pk5_Blue,3
Tmall_Autocool,3
Tmall_ASA336,3
Timex_TI000U90100,3
Telemall_MM-PC-0008,3
Swatch_SUBM114G,3
Surmawala_Orient-OR-6057IP-Refrigerator-Silver-Black,3
Sigma_52932,3
Sigma_3131,3
Saylani_Health-Contribution-Package-1,3
Samsung_Samsung NX30ZZ Smart Camera (Black,3
Samsung_Samsung NX2000 20.3MP Smart WiFi Digital Camera,3
Samsung_Samsung Galaxy Camera GC100,3
Samsung_S7 Edge-Black,3
Samsung_Galaxy_S8_black,3
Samsung_A3-2017-Black,3
Samsung_60inchesKU7000,3
Samsung_55inchesK6000,3
Samsung_49inchesK5100,3
SNU_Tena-Durrani-TD16W-Roseate,3
SNU_Su16c-3B-Green,3
SKMT_CT Scan,3
Relaxsit_RS-57,3
Rajesh_Blue Car Emergency Tow Chain,3
RS_pack-of-two-Rehmat-e-Shereen-Habshi-Halwa-450g,3
RS_Sohan Halwa 1000gm,3
RS_Karachi Halwa Tin,3
RM_Panasonic-NA-127VB6,3
PlanetX_PX-9243,3
PlanetX_PX-9153,3
PlanetX_PX-9103,3
PlanetX_PX-9064,3
PlanetX_PX-9001,3
Paramount_9789696372516,3
Paramount_9781444112689,3
PNG_Pampers_10003444-Hazir,3
Nimcos_Gift-Box-Pack-of-5-Large-1000gm,3
MVA_Deal1_ajwa,3
MORG_GCS 13,3
MEGUIAR_G18211,3
MDF 003_Pistachios Plain 250 gm,3
MACBOOK PRO 13-INCH 2.5GHZ 8GBDDR3L,3
MACBOOK AIR 11INCH,3
Life source_LS-5001,3
Lenovo_80UD00DLAK,3
Lala_1151004100094-SCB-09,3
Lacie_STET2000400-2TB,3
LS_8964000006122,3
LS_8961100500123,3
LS_8961100500017,3
LS_8411356775894,3
Kenwood_KLV-1215,3
KHAS_KCE-2065,3
Jaza_2Premium5kg+FOC,3
Jaza_2Elite5kg+FOC,3
JBS_WEN-041,3
J&J_JJ-045,3
InfinixNote3-2GB-Grey,3
IKEA_10119206,3
Homage_Black Water Dispenser - HWD-42,3
Haier_HPU-48CO3,3
HP_450-G4-Core-i7-7500U,3
HP_15AY-15-Ay072NIA-ci3,3
HOS-W_VSBSIBEDP100,3
HAS_Remax-Navigation,3
H2_MODRSBlack-Black-S,3
Geepas_GRF-6012,3
GMZV_PS4-1TB-Slim-Region-2,3
GMZV_500GB-PS4-Slim-New-Terra,3
GFE_22_YonauasIcecreamMaker,3
GA_PM-173-136208,3
GA_PM-168-136203,3
GA_PM-139-120534,3
GA_FE-60-141235,3
GA_EA-12-144988,3
GA_C-421-136160,3
Fantastic_FT-42,3
FHM_ECLIPSE,3
FHM_26SANTAM LAYER TABLE,3
Enviro_EAC-12,3
EP_6800 6.3 KVA,3
ELF_83314,3
Dell_DELL 5559-I5,3
Dawlance_MD 4N,3
Dawlance_Inverter30Toscana,3
Dany71364879523146874161,3
Dany51234689524515284934,3
CITY_White Kameez-13 - 14 yrs - Size 38,3
CITY_Light Grey Elastic Pant Prep to V-10 - 11 yrs - Size 36,3
Base_3671,3
Base_1847,3
Baklawa_Cake Rusk Per Pack 330g,3
Baklawa_Baklava Pistachio-1Kg,3
Baklawa_Baklava Cashew-1Kg,3
BP_TO21406,3
BP_SP33584,3
Atalian _BK17.01-Black-45,3
Aladdin_229-RC_CAR-138-19-20,3
AYS_SA-250,3
ALK_FMCS001-130161452,3
ALK_FC-08-17-A131140049,3
ALK_FC-03-17-A131140044,3
AKL_A131138790-SS-122-17,3
AKL_A01136177-AW-18-Purple,3
ABT_B175,3
4U_Service-KA 005,3
zaffiro_Z-P-030,2
yankee_5038580061895,2
yankee_5038580000771,2
yamaha_EF2600FW (RECOIL,2
yamaha_EF12000E,2
vitamin_Ultra Muscle,2
vitamin_Ultra Force,2
vitamin_Ultra Creatine,2
vitamin_265,2
vitamin_230,2
vital_vb_wnd 00012,2
tram_TT20540616,2
tr_Pure Natural Raw Wild Honey 440 g.,2
tr_Ginseng Raw Honey Tea 440 g,2
tmx_wtch_ T2E581_4,2
timex_T2P231,2
timex_T2P041,2
test-product2,2
test-product-new,2
stinnos_A103,2
stinnos_657,2
sst_preservatif-Regular fit-Large,2
ss_WC-017-L,2
sitara_LRTW09-MDM-MIX-M,2
sinbo_3325,2
sehgalmotors_69835,2
sehgalmotors_295121,2
seagate_STDR4000300-4TB,2
sanaulla_NA17E 03 ,2
sanasafinaz_SS_6B,2
sanasafinaz_SS-3A,2
sanasafinaz_SS-14A,2
sanasafinaz_SS-11A,2
samsung_Samsung Galaxy J7 PRIME 2016-Black,2
samsung_G935F-Gold,2
"royal_Magnum Bracket 18""",2
redspot_9810824280,2
plk_FWI/ 959 080_11,2
plk_FWI/ 953 638_9,2
plk_FWI/ 953 620_8,2
plk_DWI/ 941 344_76,2
phub_Bright Crystal  by Versace 90ml EDT,2
peekaboo_Batman-Black-4 Yrs,2
paramount_9780141373027,2
palwasha_SKU027,2
oxford_9780195479256,2
oxford_9780195477009,2
oppo_f3-plus-Gold,2
oppo_OPPO-F1-Plus-Gold,2
nutrifactor_NF0017,2
mva_Pack-of-Two-Figs-(Injeer,2
mt_BL001161-16Oz,2
mitsubishi_MS-F18VC-CS,2
medinostic_7080320,2
majestic_18 Pc Cookware Set - Sparkle Red,2
majestic_15 Pc Cookware Set - Beige,2
liberty_9781849156004,2
liberty_9781101881651,2
liberty_9780600618850,2
liberty_9780143417361,2
liberty_9780099514220,2
lala_USS17-SLC-001B-1000188799871,2
kke_SCF56617,2
jackpot_JP-939,2
interwood_HF-01ILO-40659,2
interwood_HF-01FSB-MW-15781,2
interwood_HA-R-QRION-39998,2
interwood_HA-R-AGRA-39999,2
interwood_HA-HLZ9A115-38562,2
igeek_TriFidgetSpinner,2
iGeek_BatmanTriFidgetSpinnerToy,2
huawei_Mate-9-Black,2
hijabh_JILBAB-C-756 (1,2
greenroot_Diabetic Cure,2
fitn_810390023974,2
fitn_631656708110,2
emart_Revoflex-Xtreme,2
emart_Cereal Dispenser Double,2
emart_00-1,2
edukaan_7046-A4 - 120 Pages,2
edukaan_200923,2
danielk_DK10947-2-Navy,2
crest_Pelikano Junior Fountain Pen,2
corio_JC 57-43,2
coleman_Red Adult Chair Quad with Cooler ,2
coleman_Marine White Cooler 120QT,2
coleman_3000002276,2
col qadri_9789699646027,2
cc_samsung_A520-LIGHT BLUE,2
cc_Samsung_Galaxy_S8_gold,2
cc_Huawei-Mate-9-Grey,2
bogo_BogoGrand2017karachi,2
barico_BS012-,2
babyw_CH-11,2
aybeez_ABZ-678-M,2
aybeez_ABZ-160-L,2
aw_Wheel Protectant-7oz./207ml,2
aw_Super Concentrated Fuel Injector (Black,2
aw_Fuel Injector Treatment & Upper Cylindrical Treatment (white,2
aw_CONSTRUCTION FOAM-700ml,2
ajwa_Ajwa Seeds Powder,2
ahp_EOS-80D-Digital-SLR-Camera-Black,2
ahp_EOS-750D-24.2-MP-Digital-SLR-Camera-Black,2
Zia_EN2,2
Zia_147P,2
Victorinox_  TRAVELLER KIT,2
VPN_VPN 103H,2
Turk & Fillmore_Super Natural II-46,2
Turk & Fillmore_Super Natural II-45,2
Turk & Fillmore_Super Natural II-43,2
Turk & Fillmore_Super Natural II-42,2
Turk & Fillmore_Super Natural II-41,2
Turk & Fillmore_Super Natural II-40,2
Turk & Fillmore_Super Natural I-brown-46,2
Turk & Fillmore_Super Natural I-brown-42,2
Turk & Fillmore_Super Natural I-brown-41,2
Turk & Fillmore_Super Natural I-brown-40,2
Trendz_TR-0050,2
Trendz_TR-0012,2
Trendz-TR-0385,2
Transcend_TS32GSDU1,2
Transcend_TS1TSJ25M3E,2
Topline_Rashid Minhas,2
Tmall_Vimax,2
Tmall_SpyPen_2GB,2
Timex_TW2P61400,2
Telemall_MM-PC-0007,2
Telemall_MM-DR-HB-L,2
TSS_Light Green Kameez with White Shalwar-4 - 5 yrs - Size 26,2
TP-Link_Router-TL-WDR-3500,2
TO_042-HQT 906,2
TO_021-JOVAN MUSK WHITE,2
TKS_m969-6-8 Years,2
Swatch_YIS405G,2
Susu Unta Camel Milk Powder 20 sachet,2
Surmawala_Orient-OR-5535-GD-Refrigerator-Red,2
StPaul_White Shirt Half Sleeve-6.5 - 8 yrs - Size 24,2
StPat_Belt Pant_13 - 14 yrs-Size 40/34,2
Sony_DZ 950,2
Sony_48W652D,2
Silkasia_ET-457,2
Sigma_54919,2
Sigma_54914,2
Sigma_52210,2
SharpLC40LE185M,2
Shark_HB-812,2
Saylani_Vocational-Training-Per-Course,2
Saylani_School-Fee-Per-Month-One-Child,2
Samsung_A7-2017-Gold,2
Samsung_55KU7000,2
Samsung_49inchesK5300,2
Saloni_BOSSC,2
SWP_3kg_1kgfree,2
SUPER ASIA_SA WCS 65-ELECTRIC WATER COOLER STEEL BODY (65 GALLON,2
SUPER ASIA_GH 555-55 GLN CAPACITY,2
SN_Mabroom400gm,2
SNU_NA16E2-04,2
SNU_MHC16W108,2
SNU_MHC16W105,2
SNU_MHC16W104,2
SMSM_7622300489922,2
SFEVER_MP216,2
SFEVER_IS380HB08VI1WNAFAMZ,2
SCIFI_SC6803HP-Hannah Montana,2
SCIFI_SC5811HSF-High School Musical ,2
SCIFI_Hannah Montana_SC5811HT,2
SCIFI_Disney Music_SC510VMP,2
SCIFI_Disney Music_SC22001T3,2
Rubian_Rubian 082,2
Ricoh_Photo Copier MP2014AD,2
Ricoh_Monochrome Printer-SP 212w,2
Ricoh_Black Laser SP-210SU (3 in 1,2
Ricoh_Black Laser SP-210,2
Relaxsit_RS-74,2
Relaxsit_RS-72,2
Relaxsit_RS-68,2
Relaxsit_RS-67,2
Relaxsit_RS-47,2
Rajesh_Red Sauna Belt Waist Trimmer,2
Rajesh_RAJ036,2
Rajesh_Beard & Moustache Hair Trimmer,2
RS_Pack-of-three-Rehmat-e-Shereen-Coconut-Bites,2
RM_Sony-KDL-50W800C,2
RM_Panasonic-TH-40D310M,2
R&I_HGR 2.8 KVA D,2
Q Mobile E-300,2
PlanetX_PX-9347,2
PlanetX_PX-9166,2
PlanetX_PX-9137,2
PlanetX_PX-9128,2
PlanetX_PX-9127,2
PlanetX_PX-9125,2
PlanetX_PX-9091,2
PlanetX_PX-9087,2
PlanetX_PX-9003,2
PlanetX_AG-9008,2
Paramount_9789696371182,2
Paramount_9789694949888,2
Paramount_9789670618630,2
Paramount_9780007155668,2
Pack of 2 Sohan Almond & Cashew Halwa - 2 kgs,2
Pack of 2 Almond & Walnut Sohan Halwa - 2 kgs,2
PS4_Slim-500GB,2
PNG_pampers_10004049-Hazir,2
PMA_9789810190965,2
PMA_9789810117238,2
P&S_1241,2
Origins_16W37-M,2
Omron_NE-C803-E,2
Omron_MC-720-E,2
Omega_Omega_9Pcs Non-Stick Cookware Set,2
Omega_Omega_17Pcs Non-Stick Cookware Set,2
Noble_Nobel-32-Inch-Black,2
"Nikon_Nikon COOLPIX L27 Compact Digital Camera - White (16.1MP,",2
Nabila_ZEROMAKEUP-IVORY,2
NVC_Polaroid-iS426,2
MoosaE_SR004,2
MoosaE_LD005,2
Monocruiser_CLB Z681BR Mercedes,2
MORG_GCS 06,2
MEGUIAR_G15812EU,2
MDF 002_Pistachios Salted 250 gm,2
MACBOOK AIR 13-INCH 256 GB Flash Drive,2
Logitech_910-004521 ,2
Life source_YD-24,2
Life source_GS300,2
Life source_BE-660,2
Liberty_9780670087648,2
Lenovo_Ideapad-110-ci3,2
LS_8964000002070,2
LS_815096000694,2
L&L_LLHAP786w,2
Kenwood_KENWOOD E-SENSE 1.5 Ton,2
Kenwood_KDC-1213,2
Kashmina_KSH-WO-RD-HD,2
Kansai_Vinyl & Fabric _ Sand,2
Kansai_RustStripper,2
Kansai_High Heat Auto _ Whitw,2
KKUPJ-Blue-L,2
KI_2174SAKBC,2
KF_Butt-Salan-850gm,2
Jaza_2Sela5kg+FOC,2
JBS_TAT-241,2
JBS_TAT-199,2
JBS_TAT-110,2
Ifitness_T300,2
Ifitness_LIVEUP-INVERSION-TABLE-LS9087,2
Ifitness_JW901,2
IKEA_50139877,2
IKEA_10072256,2
Herbo Natural_1,2
HP_White-DeskJet-3635,2
HP_White 2132 - DeskJet - All-in-One Printer,2
HP_Scanner-M225dw,2
HP_Printer-2132,2
HOS-m_YSLNHM100,2
HOS-m_HRMTDHM100,2
HOS-m_GAADGPM125,2
Gshop_GS-J31,2
Google_Black-Google-Chrome-Cast,2
Genius_KB-G265-Black,2
GMZV_Xbox One S 500GB-PAL (Without Kinect,2
GMZV_Switch-Console-with-2-Games,2
GMZV_Sony GTA V - PS4,2
GMZV_Black-4-1TB-Horizon-Zero-Dawn-Bundle,2
GA_SS-135-136179,2
GA_PM-162-136199,2
GA_PM-161-136198,2
GA_PM-143-136189,2
GA_GT-01-141173,2
GA_GL-06-141166,2
GA_FE-25-141203,2
GA_EA-18-144980,2
GA_EA-14-144984,2
GA_CT-186-136050,2
GA_CL-230-B-136065,2
GA_C-468-120505,2
GA_BLOSSOM T-400 - 99192,2
FHM_DEEP RUST,2
FHM_BOXTER1,2
Edge-wc_ED-WC-031,2
Edenrobe_LW17V1-19108,2
Edenrobe_EGTFS17-0687-9-10 Years,2
Edenrobe_BTKS-16-3196-28,2
EcoStar_65U565,2
EP_5500 5 KVA,2
EMJM_24101322206-40,2
Dell_Inspiron-15-3567-ci7-,2
DR_DRPC046-11,2
Ctees_CK-PK5-M,2
Charizma_CWB1,2
Campingaz_2000024957,2
Campingaz_2000024956,2
CUR_CUD-76,2
CITY_Light Grey Belt Pant-Size L 42 - W 40,2
Bundle 2 smsm_bundle02,2
Bparcel_60W-SAFE1,2
Barico_723205,2
Baklawa_Mabrooma Pistachio-1Kg,2
Baklawa_Dhoda-1Kg,2
Baklawa_Badam cream-1Kg,2
BP_TO31971,2
BP_PS31340,2
BP_PS26930,2
BP_PS19987,2
BP_PS19985,2
BP_PS11204,2
BO_talking-parrot-1,2
BO_shovel-truck-orange,2
BO_Solar-LED-Rechargeable-Camping-Lantern - Yellow,2
BO_Nicer-Dicer-Plus-Green,2
BO_Loom-Bands-Kit-Multicoloured,2
BE_Minions-TOOTHPASTE-DESPENSER,2
BB_Poly Beans For Beanbag Refill - 3 Kg,2
BBS_M007,2
BBS_ClimbCarRed,2
Audionic_Rb 106,2
Audionic_B-334,2
Audionic_ B-770,2
AudionicRex7,2
Audionic X-BOOM 5 White,2
Audionic Max-550,2
Apple MacBook Air 13-inch 1.6GHz dual-core Intel Core i5,2
AmanJee_PYB-0001,2
Aladdin_bike_cover,2
Aladdin_Pair of Gold Star Rubber Coated Metal Dumbells - 2KG - S,2
Aladdin_15-Walker-W2908,2
Aladdin_14-Walker-W2907,2
AYS_Orient-OR-5535-IP-Refrigerator,2
AYS_A-C -18-LNF,2
AYS_32B8500-32-Inches,2
AYS_18LITH11M,2
AU_GD071-1 Year,2
ALK_FMNC002-131688053,2
ALK_FC-16-17-A131140057,2
ALK_FC-15-17-A131140056,2
ALK_FC-14-17-A131140055,2
AKL_A131137860-SS-02-17,2
AKL_A131137857-SS-01-17,2
AKL_A01136169-AW-06-Beige,2
AKL_A01136156-AW-02-Beige,2
ziqi_Zn-808,1
ziqi_Zn-1455-TS,1
ziqi_Zn-1455-MD,1
ziqi_Zn-1455-BD,1
ziqi_ZN-456,1
zaffiro_Z-P-069,1
zaffiro_Z-P-059,1
zaffiro_Z-P-042,1
zaffiro_Z-P-002,1
vitamin_xest,1
vitamin_XTEND-Bundle,1
vitamin_Wipes ,1
vitamin_Vita Growth,1
vitamin_Vigour Maximizer Bundle,1
vitamin_TVC-Vita Growth (Buy 2 Get 1,1
vitamin_TVC-Ultra Slim Plus + BB Cream free,1
unique_p-wow-01,1
tucano_BLABK-B,1
tucano_BAGIO15-GT,1
tr_Pure Natural Wild Honey 1  Kg.,1
tr_Pure Natural Longan Honey 350 gm,1
tr_Pure Natural Longan Honey 1  Kg.,1
tr_Good Day (Vitality,1
tmx_wtch_T49866,1
tmx_wtch_T2N533,1
timex_TW4B09000,1
timex_TW2P97400,1
timex_TW000X107,1
timex_TW000U907,1
timex_T49991,1
timex_T49961,1
timex_T49866,1
timex_T2P517,1
timex_T2P449,1
timex_T2P392,1
timex_T2P391,1
timex_T2P183,1
timex_T2P149,1
timex_T2P044,1
timex_T2N790,1
timex_T2N779,1
timex_T2N700,1
timex_T2N695,1
timex_T20501,1
timex_SS01,1
tfs_MDC-77-43,1
texi tech_Cooling Pad 700467,1
texi tech_Bay Mount Card Reader 100915,1
test-product-01,1
swi_MXCTRBL,1
swi_LT55,1
sukoonbundle-sukoon10-cj_CJPOISL,1
stripyinterior_Ludo Rug,1
stripyinterior_100004,1
stoner_91381 A,1
stinnos_A143,1
stinnos_A123,1
stinnos_A112,1
stinnos_A102,1
stinnos_342,1
stinnos_1323,1
sstop_airvent_mobile_holder,1
sony_DSLR-ILCE-5000Y,1
sony_DSC-W830,1
snap_Snap Home-care Kit,1
snap_Snap Car-care Kit,1
smsm_8961100500123,1
smsm_371107,1
smsm_220240,1
smsm_13720,1
sinbo_7320,1
sinbo_7033,1
sinbo_7025,1
sinbo_6901,1
sigma_2639,1
sigma_11932,1
shubinak_SWS14-JAK-1020-XS/S,1
shubinak_SWS14-JAK-1017-XS,1
shubinak_SWS14-JAK-1017-M,1
shopfever_YV266HB0M2J20NAFAMZ,1
shopfever_RA385HB1LNDBGNAFAMZ,1
shahi_BallayÃ‚Â BallayÃ‚Â Munchy MixÃ‚Â 12-75-box,1
sgm_KTM-Polishing-Buffer-Heavy-Duty-For-Detailing,1
sehgalmotors_8153,1
sehgalmotors_7007,1
sehgalmotors_6777,1
sehgalmotors_6508,1
sehgalmotors_5317,1
sehgalmotors_5192,1
sehgalmotors_51492,1
sehgalmotors_4960,1
sehgalmotors_296111,1
sehgalmotors_295924,1
sehgalmotors_268986,1
sehgalmotors_189146,1
sehgalmotors_130175,1
seagate_STEA1000400-1TB,1
sapil_Sapil Passion Men 100ML,1
sapil_Sapil Chichi Women 100ML,1
sanasafinaz_SS-9B,1
sanasafinaz_SS-5B,1
sanasafinaz_SS-2B,1
sanasafinaz_SS-1B,1
sanasafinaz_SS-12A,1
samsung_Samsung Galaxy J7 PRIME 2016-Gold,1
samsung_G935F-Black,1
samsung_A720-Black,1
s_tv_KLV-32R302C,1
rubian_Ultra-Slim Bluetooth Keyboard,1
rhythm_G1107S-01,1
rhythm_G1105S-03,1
rehaab_RJ160051,1
redspot_9810477198,1
redspot_9789810780159,1
redspot_9789810594718,1
redspot_9789810445210,1
qzs_27360-Large,1
progressive_9780470290309,1
progressive_9780007865178,1
plk_PD/ 991 471_65,1
plk_FWI/ 987 594_50,1
plk_FWI/ 961 284_44,1
plk_FWI/ 947 929_48,1
plk_FWI/ 928 911_30,1
plk_FWI/ 927 822_6,1
plk_FWI/ 925 651_41,1
plk_DWI/ 952 069_71,1
phub_Quorum ,1
paramount_9789812858894,1
paramount_9789696371465,1
paramount_9789606981470,1
palwasha_SKU011,1
oxford_9780199400270,1
oxford_9780199128204,1
oxford_9780199128181,1
oxford_9780199126668,1
oxford_9780199069194,1
oxford_9780195979947,1
oxford_9780195979602,1
oxford_9780195978216,1
oxford_9780195475494,1
ottoman_KT15P102,1
orient_OS-19 MF16 PG-R410a-CS,1
orient_13af4 1ton-CS,1
naushemian_0010-M,1
naushemian_001-L,1
naushemian_#0043-S,1
naushemian_#0039-M,1
naushemian_#0034-M,1
nasgas_NWD-120,1
mt_Lenovo-Wireless-Mouse-300-with-rechargeable-battery,1
mm_AG-771,1
mm_AG-09,1
mitsubishi_1.5 ton SRC 18CLK-CS,1
mitsubhisi_1.0 Ton - SRK-13CMK-CS,1
mdeal_DMC-610-8,1
madela_MINI ELECTRICBREASTPUMP,1
madela_HARMONY BREASTPUMP,1
mab_HQ-Advance,1
lm_READERS DIGEST MONTHLY (ASIAN,1
lm_FORBES MONTHLY-Subscription,1
liberty_Green Cardigan for Girls-6 - 7 yrs - Size 28,1
liberty_9789383260911,1
liberty_9788172342395,1
liberty_9788130920184,1
liberty_9788130908786,1
liberty_9788129116970,1
liberty_9781846684470,1
liberty_9781591748328,1
liberty_9781471164934,1
liberty_9781423601883,1
liberty_9781419550034,1
liberty_9780857531995,1
liberty_9780857261663,1
liberty_9780804125987,1
liberty_9780755352944,1
liberty_9780755334513,1
liberty_9780751557558,1
liberty_9780751553338,1
liberty_9780746060414,1
liberty_9780670923540,1
liberty_9780553211894,1
liberty_9780545103718,1
liberty_9780521186315,1
liberty_9780425271582,1
liberty_9780349000152,1
liberty_9780330545181,1
liberty_9780330512459,1
liberty_9780330508780,1
liberty_9780307945464,1
liberty_9780307479402,1
liberty_9780263896732,1
liberty_9780141384658,1
liberty_9780140296495,1
liberty_9780062312716,1
liberty_9780062060242,1
liberty_9780060976255,1
lenovo_20EV000HUE,1
lenovo_20DF000GUE,1
lamp_Lamp Shade Umbrella3S,1
lamart_LMZ053,1
lamart_LMZ043,1
lamart_LMZ020,1
lamart_LMZ009,1
knc_KNC-316,1
kke_SCF69627-2,1
kke_SCF690_17-A2P-global-001,1
kke_SCF66327-260-ml,1
kke_SCF62817,1
kansai_NeverWet,1
jj_JLAWN-S-17-080-Rapturous,1
jackpot_JP-997,1
jackpot_JP-959,1
jackpot_JP-7991,1
jackpot_JP-50,1
jackpot_JP-176 Gold,1
it_Imp-luxe17-07,1
it_Imp-luxe17-01,1
iphone-7-32gb-wof-Gold,1
interwood_HF-02WCR-GO-39741,1
interwood_HF-02LT-39667,1
interwood_HA-R-REO-39997,1
interwood_HA-AN813020-S-23559,1
interwood_HA-A023-38566,1
interwood_HA-263049-39698,1
igeek__Packof3FidgetSpinnerStressReducer,1
iPhone7Plus-Red- 128GB,1
iPhone7Plus-Matte Black-32GB,1
iPhone7-Matte Black -32GB,1
huawei_p10-Blue,1
huawei_Mate 9-mocjha brown,1
huawei_Mate 9-gold,1
huawei_Google Nexus 6P-Silver,1
hop_ANKM33,1
hop_ANKF010,1
hijabh_Jilbab-BC-872-56x,1
hijabh_0120-P-827-54,1
hijabh_0116-BD (2,1
head_273406-UK 11,1
head_273406-UK 10,1
head_273026-UK 10,1
head_273004-UK 10,1
gree_18LM4,1
gracill_GRC-7-43,1
fitn_RU00494,1
fitn_RU00400,1
fitn_834266001606,1
fitn_834266001583,1
fitn_834266001552,1
fitn_800450,1
fitn_748927052237,1
fitn_696859258121,1
fitn_631656703269,1
fitn_2730413,1
fitn_100295,1
emart_Magic Hose Pipe 75 Ft,1
emart_Dry Iron NI-22awt,1
emart_0-76,1
emart_0-66,1
emart_0-47,1
electro_Humidifier,1
edukaan_7156-A4 - 6 Subjects,1
edukaan_7083-A4 - 300 Pages,1
edukaan_7066-A4 - 6 Subjects,1
edukaan_7047-College - 300,1
edukaan_7041-A4 - 120 Pages,1
edukaan_7036-A4 - 300 Pages,1
edukaan_7034-A4 - 300 Pages,1
edukaan_7027-A4 - 6 Subjects,1
edukaan_7013-A4 - 6 Subjects,1
edukaan_201519,1
edukaan_201314,1
edukaan_200983,1
e-seller_15,1
delsey_Delsey Tuileries 2,1
dawlance_MDS 9144,1
dawlance_9170WB MDS,1
dawlance_9122 MDS,1
dany_6954217098630,1
da_Ahsan-Ul-Kalam-555 & Pair of Free Story Book,1
culzado_AXIS-41,1
cr_ALMOND PLAIN-500 GM,1
corio_JC 53-45,1
corio_C 101315-42,1
corio_C 101150-45,1
coolBell_CB-6605-Beige,1
coleman_Marine White Cooler 70QT,1
coleman_Blue Cooler Combo 54QT,1
coleman_3000000157,1
cn_clc_ AS-120R,1
clickbuscollection_nwc-36,1
clickbuscollection_nwc-32,1
clickbuscollection_nwc-30,1
clickbuscollection_nwc-29-Purple,1
clickbuscollection_nwc-29-Maroon,1
cj_CJPOISL,1
cc_samsung_Grand Prime Plus-Silver,1
cc_samsung_A520-BLACK,1
cc_Samsung_Galaxy_S8_Gray,1
cc_Huawei-Mate-9-Brown,1
cc-hTC-One-A9-silver,1
bio_Bio Oil-125ml,1
barico_BS023-,1
barico_BS018-,1
barico_BS017-,1
barico_BS0081,1
barico_BS003-Large,1
barico_BS001-Large,1
babywtoy72,1
babywtoy61,1
babyw_toy$7,1
babyw_toy$4,1
babyw_1837,1
aw_WD40 -420mlSMART STRAW,1
aw_Ultra Shine Wash & Wax-64oz./1893ml ,1
aw_SILICONE MULTI TOOL-,1
aw_DECAL and ADHESIVE REMOVER-12 oz.,1
aw_Complete Fuel System Cleaner-12oz./354ml ,1
aw_CRC Silicone SPRAY (BEST FOR LUBRICATING THREAD MILL BELT,1
aw_CONSTRUCTION FOAM (GUN,1
aw_Auto Airco Cleaner Fresh Scent-150ml ,1
audionic_Shock-2,1
audionic_6954217598857,1
audionic6-954217-562568,1
audionic6-954217-561370,1
american_tourister Rome UR  66Black,1
american_tourister Feherlite Spinner  77Black,1
american_tourister Feherlite Spinner  66Black,1
akl-GFSU1265-L,1
ajmery_TH281FA1JKAGONAFAMZ-36,1
ahsaarn_BN-004,1
ahp_EOS-70D-20.2-MP-Black,1
agha_AS_SOLEB94_01,1
agha_AS_LS3139_01,1
Zia_hs21 to 29,1
Zia_TF3,1
Zia_ST8,1
Zia_ST14,1
Zia_MT20,1
Zia_FM37,1
Zia_FM12,1
Zia_EN14,1
Zia_AF3,1
Zia_AD6,1
Zia_363,1
Zia_101DA,1
Z&A_ZEES-0269,1
Z&A_ZEES-0233,1
Z&A_ZEES-0122,1
Z&A_ZEES-0097,1
Z&A_ZEES-0087,1
Z&A_ZEES-0018,1
Yiboo-UJ801,1
YNG_YSD-908-BL-40,1
Xiaomi-Redmi-4x-BLACK,1
Xenium_PWZ-20166,1
West Point_WF-929,1
WW_WT-SB-1,1
WSM_Black-LCD-Backup-Rear,1
WD_WD - MP - 2TB,1
WD_WD - MP - 1TB,1
WD_2 BAY NAS WD-16TB,1
Victorinox_  HUNSTMAN RED,1
Value Shop_VS020-Purple,1
VPN_VPN 702-B,1
VPN_VPN 600,1
US-USSG16-DRESS-12-4T,1
US-MSK-13-3T,1
UNEL_Orie nt 32 Inch L-4132/4143,1
UNEL_Kenwood eInspire  1.5Ton,1
UG_WP3,1
Turk & Fillmore_hutchence Tan brown-43,1
Turk & Fillmore_Super Natural II-44,1
Turk & Fillmore_Super Natural I-brown-44,1
Turk & Fillmore_Super Natural I-brown-43,1
Turk & Fillmore The Hook-45-11,1
Turbo_100208 Multicolor,1
Truck Art Watering can,1
Truck Art Tea Pot,1
Trendz_TR-0201,1
Trendz_TR-0035,1
Trendz-TR-0340,1
Trendz-TR-0337,1
Trendz-TR-0330,1
Transcend_TS4TSJ35T3,1
Transcend_TS2TSJ25H3P,1
Transcend_TS16GJF820G,1
Transcend_ TS2TSJ25H3B,1
Trans_LW 32-3-6 Month,1
Trans2_LW 21Ã‚Â ,1
Toyworld_TW-99,1
Toyworld_TW-243,1
Toyworld_TW-222,1
Toyworld_TW-213,1
Toyworld_TW-195,1
Toyworld_TW-100,1
Topline_Iqbal his life and Our Time,1
Topline_Economics,1
Tommy_1791102,1
Tmall_Yoga_mat_Wheel_Combo,1
Tmall_SmartPen,1
Tmall_MM_Sonex_Cookware_Set,1
Tmall_MM_Arzulex_BBQ_Grill_Pan,1
Tmall_MM-DR-PAD,1
Tmall_DiaCure Plus,1
Tmall_DermaSeta-1,1
Tmall_BinocularCamera,1
Tmall_BFCombo 2_Yoya Mat & Skipping rope-Green,1
Tmall_ASA269,1
Tiraaz_Tm-02-016-M,1
Timex_TWEG15005,1
Timex_TWEG14900,1
Timex_TW4B01500,1
Timex_TW2P90900,1
Timex_TW2P80800,1
Timex_TW2P79500,1
Timex_TW2P75300,1
Timex_TW2P72500,1
Timex_TW2P61600,1
Timex_TW0TG5904,1
Timex_TW00PR205,1
Timex_TI000W20300,1
Timex_T49990,1
Timex_T49925,1
Timex_T2P383,1
Timex_L502,1
Timex_A503,1
Timex_A501,1
Timex_A500,1
Timb-women_8408B-6,1
Timb-women_8408B-5.5,1
Timb-mens_23061-10,1
Telemall_ASA Gym-Ball-85cm,1
Tcreation_TC-01-XL,1
Tajdaar_Ramzan-Bundle-2-Buy-1-pack,1
TSS_Khaki Elastic Pants-6 - 7 yrs - Size 28,1
TP-Link_Router-WR-845N,1
TP-Link_Router-WR-840N,1
TO_006- ETERNITY FOR MEN,1
TLC_TAC-18CHS/KEI 1.5 ton,1
TKS_m969-8-10 Years,1
TKS_m969-2 to 3 Years,1
TKS_m969-10-12 Yrs,1
TKS_m967-9-12 Months,1
TKS_m962-5-6 Years,1
TCM_Model-TB13-335x190x130mm,1
TCL_TCL32InchD2900,1
TCF_Donate-a-Set-of-School-Books,1
TCB_Supreme GD 005-M,1
TCB_Supreme BD 0016-L,1
TBG_TBG-S-V-016,1
TBG_AV-S-047-Golden & White,1
TBG_AV-S-044-Black,1
TBG_AV-B-08-Multi,1
TBG_AV-B-07-Golden,1
TBG_AV-B-05-Multi Color,1
TBG_AV-B-02-Maroon,1
TBG_AV-B-01-Golden,1
Swatch_YVS420,1
Swatch_YOS413,1
Swatch_YAS407,1
Swatch_SVCG4000AG,1
Surmawala_PEL-PRAS-2500-Refrigerator-Grey,1
Surmawala_PEL-PRA-160-Refrigerator-Silver,1
Surmawala_Orient-68635-IP-Refrigerator-Silver-Grey,1
Surmawala_Haier-HWM85-7288-Washing-Machine-White,1
Surmawala_Haier-HWM-120-35FF-Washing-Machine-Grey,1
Surmawala_Haier-HSU-12HN-Air-Conditioner-White,1
Surmawala_Haier-HDF-385H,1
Surmawala_Haier-12ECO-Air-Conditioner-White,1
StripyInterior_Diamond Janamaz -003,1
Strader_NT1150,1
StPaul_Grey Elastic Pant-Primary-Secondary-8 - 9 yrs,1
StPat_Grey Shirt Full Sleeve Morning and A-Level-14 - 15 yrs - S,1
StPat_Belt Pant_14 - 15 yrs-Size 40/34,1
Sigma_83430,1
Sigma_64825,1
Sigma_6052,1
Sigma_58542,1
Sigma_55366,1
Sigma_5535,1
Sigma_5315,1
Sigma_1947,1
Shark_LG50,1
Shark_G36,1
Shark_E540,1
Seagate_STEA2000400,1
Sapphire_US0679,1
Sapphire_US0678,1
Samsung_Samsung32InchK4000,1
Samsung_RT85K7110SL,1
Samsung_RSA1STMG,1
Samsung_Galaxy_S8_Plus_Gray,1
Samsung_A7-2017-Black,1
Samsung_65KU7000,1
Samsung_60KS8000,1
Samsung_55inchesKS8500,1
Samsung_55inchesK6500,1
Samsung_55inchesK5300,1
Samsung_49K5300,1
Samsung_48inchesK5000,1
Samsung_48inchesJ5000,1
Samsung_40K5300,1
Samsung_32inchesK5100,1
Samsung_32inchesK4000,1
SUPER ASIA_SA WC 60-ELECTRIC WATER COOLER PLASTIC BODY (60 GALLO,1
SUPER ASIA_GH 535-35 GLN CAPACITY,1
SUPER ASIA_GH 112-SUPER SAVER SERIES 12 LITERS,1
SUPER ASIA_GH 106-SUPER SAVER SERIES 6 LITERS,1
ST_M8820_73,1
STBB_Sindh Text Book Syllabus Class 2,1
STBB_A Textbook of Biology 1st year by Prof.Majid uz zaffar,1
SNU_ay16e-2A-Black,1
SNU_ay16e-1a-Grey,1
SNU_SairaRizwanSR16W05,1
SNU_ME16E-7A,1
SNU_IM17C08,1
SNU_Es16e2-09,1
SN-SP_Ajwa_800gm,1
SMA_CSV-SM,1
SMART_Light Green Shirt Half Sleeves-5 - 6.5 yrs - Size 22,1
SMART_Light Green Kameez 3/4-16 yrs - above - Size 44,1
SIR_Pack-of-3-Dust-Wet-Dolly-Mop-Set-DWD ,1
SFEVER_MP213,1
SFEVER_MP210,1
SFEVER_HU379HB0845HGNAFAMZ,1
SFEVER_GU378HB18MA4KNAFAMZ,1
SFEVER_GU378HB0MW1K0NAFAMZ,1
SFEVER_GI377HB01ZASGNAFAMZ,1
SFEVER_CK370HB02S8DONAFAMZ,1
SFEVER_CH369HB0EHEHSNAFAMZ,1
SFEVER_CA488HB0V4HJONAFAMZ,1
SCIFI_True Honor _SC5810CKA,1
SCIFI_SC5811FCM-Barcelona ,1
SCIFI_SC4520TNE-Ben 10 ,1
SCIFI_SC4520SBP-Sponge Bob ,1
SCIFI_SC39805-Sci-Fi ,1
SCIFI_Disney Beauty_SC3334SIP,1
SAB_SI-218-XL,1
Ricoh_Projector PJ S2240,1
Ricoh_Color GELJET SG-3120B SFN (wireless with Battery,1
Ricoh_Black Laser SP-210SF (4 in 1,1
Relaxsit_RS-70,1
Relaxsit_RS-63,1
Relaxsit_RS-62,1
Relaxsit_RS-60,1
Relaxsit_RS-53,1
Relaxsit_RS-36,1
Relaxsit_RS-33,1
Relaxer_LSP 01 A-Green,1
Regal_549-C-BLACK-6,1
Ref_Top man 1114-black-43,1
Ref_Top man 1113-Tan-43,1
Ref_Top man 1111-black-42,1
Ref_Paris 1155 Black-44,1
Ref_K2 1161 Olive-44,1
Ref_James-B 1146-Black -40,1
Ref_Frankfort 2065-Soya-43,1
Ref_AMBASSADOR 1165 Tan-43,1
RealLeather1135_medium_black,1
ReadersHeaven_9781849040495,1
ReadersHeaven_9781408852569,1
Rajesh_RAJ76,1
Rajesh_RAJ69,1
Rajesh_RAJ55,1
Rajesh_RAJ53,1
Rajesh_RAJ0392,1
Rajesh_RAJ0387,1
Rajesh_RAJ017,1
Rajesh_RAJ008,1
RUB_Kemei_KM-580 A,1
RUBD_LE-40 inches - LED - HD Ready,1
RUBD_HSU-18 LTE 1.5 Ton AC,1
RM_Sony-VPL-EW295,1
RM_Sony-VPL-EW235,1
RM_Sony-DVP-SR760,1
RM_Sony-DSLR-ILCE-5100Y,1
RM_Sony-DSC-HX400,1
RM_Sony-BDP-S1500,1
RM_Panasonic-TH-49D310M,1
RM_Panasonic-SC-HT31,1
RM_Panasonic-K18PKF,1
RM_LG P246SQ,1
RMSON_TM0361 MC WH,1
RMSON_TL4201 MW BU,1
RMSON_TL0390 MG BK,1
RMSON_PA3251F MW WH,1
RCP_RCPA-5PoloPC-Y-XL,1
RBT_RB-006,1
RBT_RB-004-3pcs,1
RBT_RB-0027,1
RBC_Glimpses of Quaid-e-Azam,1
RBC_9789694073006,1
RBC_9789694070872,1
RAJESH_TE327SP1INSPKNAFAMZ,1
RAJESH_RAJ221,1
RAJESH_RAJ219,1
RAJESH_RAJ183,1
RAJESH_RAJ162,1
RAJESH_RAJ142,1
R&I_KWM 1012 SA,1
R&I_HWD 63 ( 2 tap with ref,1
R&I_HGR 6.05 KV D,1
Qmobile B65,1
Q Mobile M-200,1
Pzalmi_FS-1-XL,1
PucaM_SS-2709-NAVY RED-40,1
PucaM_SS-02-RED BLACK-39,1
PucaM_FLYNET NAVY-40,1
PucaM_Avis -Navy Blue -41,1
Progressive_9781922152183,1
Progressive_9781742488103,1
Progressive_9781472390035,1
Progressive_9781472382535,1
Prime_T12-BLACK-L,1
Prime_MMJ-KHAKI-M,1
Posh_Black Double Collar -14.5,1
PlanetX_SS-9020,1
PlanetX_PX-9326,1
PlanetX_PX-9307,1
PlanetX_PX-9280,1
PlanetX_PX-9260,1
PlanetX_PX-9210,1
PlanetX_PX-9178,1
PlanetX_PX-9177,1
PlanetX_PX-9162,1
PlanetX_PX-9152,1
PlanetX_PX-9145,1
PlanetX_PX-9126,1
PlanetX_PX-9093,1
PlanetX_PX-9079,1
PlanetX_PX-9047,1
PlanetX_PX-9020,1
PlanetX_PO-9043,1
PlanetX_AG-9050,1
PlanetX_AG-9001,1
Planet X_stinnos_776,1
Payer_Payer-Shaver,1
Paramount_9814070246,1
Paramount_9789814237642,1
Paramount_9789814147934,1
Paramount_9789696371588,1
Paramount_9789696371410,1
Paramount_9789696371342,1
Paramount_9789696371168,1
Paramount_9789696370758,1
Paramount_9789696370666,1
Paramount_9789696370420,1
Paramount_9789696370178,1
Paramount_9789694949963,1
Paramount_9789694948720,1
Paramount_9789694947679,1
Paramount_9789694945798,1
Paramount_9789694945460,1
Paramount_9781910561324,1
Paramount_9781444146509,1
Paramount_9781444112696,1
Paramount_9781444112672,1
Paramount_9781107638457,1
Paramount_9781107636828,1
Paramount_9781107614505,1
Paramount_9780857200747,1
Paramount_9694941660,1
Paramount_8489738068,1
Panasonic_Black-32-Inches-LED,1
PNG_Pampers_10003450-Hazir,1
PNG_Pampers_10003447-Hazir,1
PMA_9789810191412,1
PGC_White and Blue Pin Striped Girls-13 - 14 yrs - Size 38,1
PBG_D-1415,1
PBG_D-1041,1
PBG_D-1033,1
P&P_MPEUIJ78985,1
P&P_9695420176,1
Orient_50G6520,1
Orient_32inchL6982,1
Omron_HN-289-E,1
Omron_HEM-7131-E,1
Omron_HBF-508-E,1
OKM_GL-195 LAMBS S/L-BLUE-42,1
OKM_F-32 Lambs Coat-VISO-38,1
OKM_EL-150 Lambs Pullover-BROWN-40,1
Nurai-MD-1818-3-4 yrs,1
Mtech_Combo-of-1-MXQ-Pro,1
Moulinex _A320,1
MotoZPlay-White ,1
MotoZPlay -Black,1
MotoZ-White-Fine Gold,1
Motifz_1668-CHOCLATE,1
MoosaE_CT002,1
Monocruiser_JY D03,1
Monocruiser_CLB Z676 AR Audi,1
Monocruiser_BL-318C Bike,1
Monocruiser_BL-118AR - Green,1
Mausummery_0001555-SUT-AQU,1
Mannan_leather_file_book,1
Mannan_Leather_tie_clip,1
MS_BRA00611-32A,1
MORG_GCS 41,1
MORG_GCS 37,1
MORG_GCS 26,1
MORG_GCS 22,1
MORG_GCS 17,1
MORG_GCS 12,1
MOA_Dark Grey Uniform Belt Pants-Size L 42 - W 32,1
MMS_GS 808,1
MEGUIAR_X2020EU,1
MEGUIAR_X1025EU,1
MEGUIAR_G6207,1
MEGUIAR_G36516,1
MEGUIAR_G3200,1
MEGUIAR_G14512,1
MEGUIAR_G12711,1
MEGUIAR_G1001EU,1
MEGUIAR_A1214,1
MDF 018_Ajwa Dates 250 gm,1
Loreal_Revitalift Laser X3 Serum - 30 ml,1
Logitech_LogitechK400Plus,1
Logitech_Logitech Ipad Air Keyboard Cover Connector-white,1
Life source_YD-23,1
Life source_LS-9001,1
Life source_LS-7001,1
Life source_FINGER PULSE OXIMETER,1
Liberty_9789384898991,1
Liberty_9788174368942,1
Liberty_9780007436187,1
Lenovo_v310-310-ci5,1
Lenovo_v310-310-ci3,1
Lenovo_YOGA 500-I5,1
Lenovo_Lenovo Topload,1
Lenovo_80QB005UUE,1
LenovoB5180-i7,1
Laitalio_Tan Edward Footmark-44,1
Laitalio_Black Bruno Footmark-42,1
Lacie_STEX6000300-6TB,1
Lacie_LAC9000633-4TB,1
Lacie_9000146,1
LS_8429671350559,1
LM_BST356-6-9 M,1
LM_BS1052-6-7 Years,1
LC_8411061602522,1
LC_8002135125995,1
LC_3349668508587,1
KureshiC_230-bat,1
KureshiC_083-kemi,1
KureshiC_046-kemei,1
Kenwood_White Semi Automatic Washing Machine - KWM-1014,1
Kenwood_KLV-1815,1
Kenwood_KEE-240-F,1
Kenwood_KDC-2413,1
Kenwood_KDC-1814,1
Kenwood_KDC-1214,1
Kenwood_1.5 Ton White ESense Split Air Conditioner - HSU-18LKE,1
Kashmina_KSH-WO-NC1-JD-P1,1
Kansai_RockGuard,1
Kansai_High Heat Auto _ Aluminium,1
Kansai_Cleaner_Dry PTEF,1
Kansai_Auto_Camouflag_Olive,1
Kansai_Auto Acrylic Clear Gloss,1
KI_bedsheet-2001blgbs,1
KI_2185AKBC,1
KC_88 brown-M,1
Julbo_ J370122,1
Jaza_Premium5kg+FOC,1
JT_W-28,1
JT_W-27,1
JT_W-11,1
JBS_hcd-HON-020,1
JBS_hcd-HON-018,1
JBS_WEN-194,1
JBS_WEN-123,1
JBS_WEN-117,1
JBS_WEN-062,1
JBS_WEN-034,1
JBS_TAT-225,1
JBS_TAT-224,1
JBS_TAT-194,1
JBS_TAT-126,1
JBS_TAT-121,1
JBS_TAT-019,1
JBS_SZ-049,1
JBS_OXO-081,1
JBS_CRY-024,1
J&J_JJCN-023,1
J&J_JJ-029,1
Ifitness_RT112,1
Ifitness_Mini-Bike,1
Ifitness_JS9.4A,1
Ifitness_Golden-Star,1
Ifitness_Ab-King-pros,1
Iamofficial_IAM-0091,1
Iamofficial_ IAM-NB218,1
ISN_Concentrated-Vanilla-2lbs,1
ISN_Concentrated-Chocolate,1
IMAC 21.5-INCH 2.7GHZ QUAD CORE i5,1
IKEA_90282180,1
IKEA_70272059,1
IKEA_40103751,1
IKEA_315284,1
IKEA_221916,1
Horsie_HK 310,1
Horsie_HK 305,1
Homeage_HWM-920,1
Homage_Cream White Water Dispenser with Refrigerator Cabinet - H,1
Herbo Natural_6,1
Herbo Natural_5,1
Herbo Natural_30,1
Head_811075-L,1
Haier_HWM 80-000,1
Haier_HWM 100 AS/BS,1
Haier_HSU-24-HNH,1
Haier_1.5 Ton Split Air Conditioner - HSU-18LKE,1
HP_i3-7100U,1
HP_Printer-2130,1
HP_PRINTER-LJ-M102AW,1
HP_Officejet 7612 A3 (4-in-1,1
HP_Officejet 2540 Wireless (3-in-1,1
HP_Monitor-V193,1
HP_MFP-M227fdw,1
HP_Laser P1102w Black,1
HP_Laser Color 252n,1
HP_HD-Corei5-6200U2-3GHz-1TB-HDD,1
HP_Core-i5-6200U,1
HP_15AY-15-Ay189NIA-ci5,1
HP_15AY-15-Ay105NE-ci5,1
HOS_JPGCW100,1
HOS_GVYVIW75,1
HOS_ELPIW100,1
HOS_DNGPF100,1
HOS_CNN5W100,1
HOS_CNCMW100,1
HOS_CDDJW100,1
HOS_BVLOAW65,1
HOS-m_VEREFM100,1
HOS-m_RLSAFM125,1
HOS-m_CNBDCMP100,1
HOS-m_CKOM100,1
HOS-m_CKI2UM100,1
HOS-m_CDHM100,1
HOS-m_AZZLEGM100,1
HOS-M_CKOSM100,1
HBW_1513072,1
HAS_Remax-WA-S06,1
HAS_EasyCap USB ,1
HAS_2004,1
HAS_1030,1
HAS_1023,1
HAS_1022,1
HAIER_HSU-18HNH,1
Gshop_D38,1
Gshop_D35,1
Gshop_D32,1
Gmart_Forerunner735XT 3,1
Gmart_Fenix 3 HR 1,1
Gloria_1607,1
Genius_Imperator-Pro-Black,1
Genius_DX-7010-Red,1
Genius_DX-6810-red,1
Geepas_GTR6229,1
Geepas_GMO1885,1
Geepas_GHB1661,1
Geepas_GH8626,1
GSW_PG-9025-Bluetooth,1
GO-Girl_694810,1
GO-Girl_694010,1
GMZV_Xbox One PAL-500GB - Black,1
GMZV_Ubisoft Assassin Creed Syndicate - PS4,1
GMZV_SONY-MICHAEL JACKSON-THE EXPERIENCE PS3,1
GMZV_PS4 VR Headset Bundle,1
GMZV_FIFA 17 XBOX ONE,1
GMZV_1005,1
GL_1055,1
GFE_16_FullHDcarDVR,1
GFC_Pedestal Myga Cross Base (Special Guard,1
GFC_Ceiling Nabeel,1
GFC_Ceiling Awami,1
GC_GCS058,1
GC_GCS046,1
GCU_EasyMate,1
GBHII_GS9-MUSTARD-MUSTARD-9,1
GBHII_GS9-MUSTARD-MUSTARD-8,1
GBHII_GS820-Black-Black-7,1
GBHII_GS545-Black-8,1
GBHII_GM6-Brown-Brown-8,1
GBHII_GM191-Brown-Brown-8,1
GA_SS-126-136163,1
GA_SL-260-136112,1
GA_SARANG T-200 - 114654,1
GA_REGAL EMPEROR T-300 - 106010,1
GA_Persian Red T-200 - 133785,1
GA_PM-201-137348,1
GA_PM-172-136207,1
GA_PM-171-136206,1
GA_PM-170-136205,1
GA_PM-167-136202,1
GA_PM-165-136201,1
GA_PM-157-136194,1
GA_PM-155-136193,1
GA_PM-132-136186,1
GA_KP-1284 - 141708-M,1
GA_GT-03-141175,1
GA_FE-68-141243,1
GA_FE-67-141242,1
GA_FE-58-141233,1
GA_FE-50-141225,1
GA_FE-42-141217,1
GA_ELAN T-300 - 114737,1
GA_ECLIPSE T-300 - 122758,1
GA_Dewberry T-200 - 133696,1
GA_Charcoal T-150 - 133584,1
GA_CT-225-136161,1
GA_CT-213-138180,1
GA_CT-211-136128,1
GA_CT-204-136125,1
GA_CL-244 A-136021,1
GA_CL-221-A-136077,1
GA_AS-03-136185,1
GA_AJRAK T-200 - 114664,1
Fpakistan_FP045,1
Fidato_549-872-B-40,1
Fidato Ankle High Boot 309-872-42,1
Fidato Ankle High Boot 309-872-40,1
Fantastic_FT-41,1
Fantastic_FT-27,1
Fantastic_FT-1117,1
Fantastic_FT-1115,1
FT_FT-BT-G-01-30,1
FHM_HIGH POINT TABLE SET,1
FHM_DREAMER,1
Epson_L1300,1
Enviro_ENR-25XDG2,1
Entertainer Asia_Vouch 365-2017 Mobile App Lahore,1
Eglo_3890,1
Eglo_13359,1
Egala_EGA-12CTS-M-M,1
Edukaan_201560,1
Edukaan_201540,1
Edge-wc_ED-WC-011,1
Edenrobe_BTKS-17-3432-4-5 Years,1
Eco Star_43U558,1
Eaget_Silver 16GB OTG USB,1
ES_P-9-Black-42,1
ES_G-23-Mustard-47,1
Dermalogica_666151001909,1
Delsey_94526111,1
Delsey_8903338058489,1
Delsey_8903338054375,1
Delsey_384182100,1
Delsey_24083008,1
Delsey_223955600,1
Dell_Inspiron-15-5567-ci5,1
Dawlance_Microwave DW-131,1
Dawlance_Inspire-Plus-Inverter-30-brown,1
Dawlance_Inspire-Plus-Inverter-15-Champagne,1
Dawlance_DW-131 HP,1
Dawlance_9188 MDS,1
Dawlance_9166WB - MDS,1
Dawlance_9144-MDS,1
Dany_Masti-8 ,1
Dany51234689524378912346,1
DR_DRPC001A-11,1
Ctees_CK-SUP-M,1
Ctees_CK-SUP-L,1
Ctees_CK-HP5-M,1
Corio_C-101348 - BROWN-45,1
Closet_CL5-M,1
Charizma_SR 36,1
Charizma_DG40,1
Charizma_DG36,1
Charizma_DG35,1
Charizma_CV-17,1
Charizma_CV-14,1
Charizma_CS-11-Parrot Green,1
ChannelSpeakerSystem_HT31 2.1,1
Castillo_CK-745-Green-42,1
Castillo_408-CRWBlue-L,1
Campingaz_205584,1
CUR_CUD-69,1
CUR_CUD-32,1
CLICK ON_CK3245,1
CL98_gree_12CZ8,1
CL168_R&I_Generator 5KVG,1
CITY_White Shirt Half Sleeves Prep to X-5 - 6.5 yrs - Size 22,1
CITYN_White Shirt with Full Sleeves-13 - 14 yrs - Size M,1
Butt_Pista-Multani-Halwa,1
Brumano_0-31-0000-173-2-Blue-XL,1
Bparcel_N4050-9CELL,1
Bparcel_BPS35,1
Bparcel_85W-SAFE1,1
Bparcel_8460P,1
Blooming_Round Neck Tees-8 to 9 Years,1
Bellona_BDC7,1
Bata_Power-8386003-42-8,1
Bata_Power-8386002-44-10,1
Bata_Bfirst-3511015-28-10,1
Bata_Bfirst-2891015-28-10,1
Bata_8816275-Black-40,1
Bata_8811271-White-42,1
Bata_8386001-44,1
Base_4350,1
Base_26842,1
Base_1607,1
Baklawa_Plain Hareesa-1Kg,1
Baklawa_Mabroom Chocolate Cashew-1Kg,1
Baklawa_Khajoor Pak-1Kg,1
Baklawa_Baklava Sugar Free-1Kg,1
Baklawa_Baklava Mix-1Kg,1
Baklawa_Baklava Almond Chocolate-1Kg,1
Baklawa_Ashe Bul Bul Chocolate -1Kg,1
Baklawa_Asawar Almond-1Kg,1
Baklawa_Asabea Cashew-1Kg,1
Baklawa_Anjeer Pak-1Kg,1
BParcel_TOUCHPAD S1-BLACK,1
BParcel_Q7S WITH Webcam 2G+8G-BLACK,1
BParcel_Q7 2G+8G-BLACK,1
BParcel_MXV 1+8G-BLACK,1
BParcel_DIGITAL to ANALOG-BLACK,1
BP_TO35628,1
BP_TO35624,1
BP_TO27616,1
BP_SP06388,1
BP_PS31338,1
BP_PS26932-Green,1
BP_PS25067,1
BP_PS17548,1
BP_PS03940-Pink,1
BP_PS03913,1
BP_PS00398-Transportation,1
BP_PS00398,1
BP_PS00296,1
BP_GS36200-22,1
BP_GA35029-9-10 Years,1
BP_GA33224-2-3 Years,1
BP_FA35468,1
BP_FA31587,1
BP_FA23344,1
BP_FA04114,1
BP_FA04112,1
BP_FA00571,1
BP_BS29884-32,1
BO_wardrob-A-5x3,1
BO_rack-e-5x3,1
BO_rack-d-6x3,1
BO_rack-c-6x3,1
BO_playblocks-CR-20,1
BO_Pack of 6 - Non-Stick Cooking Utensils - Black,1
BO_66106,1
BHA_K.E-7500+,1
BHA_K.E-14000,1
BE_nikai 7in1 - model 580-80,1
BE_REMINGTON - S0999-86,1
BE_BRAUN SILK-EPIL 1-81,1
BE_AUTO COOL,1
BB_bundle_bf,1
BB_Red & Black Football Design Beanbag,1
BB_Black Artificial Leather Lounger,1
BB_001,1
BBS_M002,1
BBS_A086,1
B-power_8281076-42,1
Audionic_REX-5-T-50,1
Audionic_Mehfil MH-150,1
Audionic_AD-7500-Black,1
Audionic_6-954217-510248,1
Audionic_ B-800,1
Atlas_AT-1500-180W,1
Atalian _Pesh51-Black-9,1
Atalian _Ex64-Brown-40,1
Atalian _Ex64-Black-44,1
Atalian _DV206A-Brown-41,1
Atalian _DV206A-Black-41,1
Atalian _BK17.50-Black-41,1
Atalian _BK17.02-Black-44,1
Atalian _1387.1-Brown-42,1
Assetmen_MD-069-C-BLUE-32,1
Assetboys_MD-1332-6-7Y,1
Arino_PS-001-Black-40,1
Arino_BD-064-Black-44,1
Arino_BD-061-Brown-45,1
Arino_AF-008-42,1
Arino_A-010-Tan-40,1
Apple IMac 27-Inch 3.2GHz quad-core Intel Core i5,1
AmanJee_PB018,1
AmanJee_PB012,1
AmanJee_PB011,1
AmanJee_PB003,1
Alerashine_sku-09-XL,1
Aladdin_UMR_CM_1099,1
Aladdin_UMR_CM_1094,1
Aladdin_UMR_CM_1091,1
Aladdin_Pair of Gold Star Rubber Coated Metal Dumbells - 5KG - S,1
Aladdin_Non-Slip Yoga Mat - Blue,1
Aladdin_Chrome Dumbbells Silver - 5kg,1
Aladdin_75-Baby-Sports-Car-HD3667,1
Aladdin_12-Walker-W2607,1
AlMuhafizMultaniSohanHalwa_Pista_2kg,1
Al-Bakio_1B257,1
Al-Bakio_1B251,1
Al Muhafiz Sohan Halwa Walnut,1
Ahan_wod0524,1
Adata_Adata SSD-960GB,1
Adata_Adata SSD-120 GB,1
AZD_HSU-12-HNB-DC-INVERTER-1-TON,1
AYS_Split-Orient-19k7,1
AYS_Split-Haier-18LNF,1
AYS_Split-Haier-12LNA,1
AYS_PEL-PRGD-130-Glass-Door-250,1
AYS_PEL-PINVC-18K-Invert-O-Cool,1
AYS_Haier-18HNF,1
AYS_Gree-12cith2,1
AYS_A-C -8-LNA,1
AYS_50U560,1
AYS_40U558,1
AYS_32B8500,1
AU_WS017,1
AT-early education wood card abc,1
AT-Frozen-Frock-XL,1
AT-FSM-35,1
AT-Army-Dress-24,1
APC_UPS 1 kv SUA10001,1
AMT_AMT-6487,1
ALK_FC-13-17-A131140054,1
AL Khair_Baby Oil 50ml,1
AKL_A132138255_GFSU1344-M,1
AKL_A131137868-SS-06-17,1
AKL_A131135302-FW-11-Yellow,1
AKL_A01136167-AW-05-Maroon,1
AJ-bedsheet_AJB-003,1
AJ-bedsheet_AJB-002,1
A4-Tech_Keyboard-Mouse-Wireless-3100N,1
A4-Tech_7200N,1
4U_Service-KA 008,1
